statement ok
create table foo(x string)

statement ok
insert into foo values ('johndoe'),('janedoe'),('robertdoe')

query T nosort
select asciify(x) from foo
----
johndoe
janedoe
robertdoe

statement ok
drop table foo

statement ok
create table bar(y string)

statement ok
insert into bar values ('Olá Mundo!'),('João'),('Parabéns Ri!'),('Müller')

onlyif system=Linux
query T nosort
select asciify(y) from bar
----
Ola Mundo!
Joao
Parabens Ri!
Muller

skipif system=Linux
query T
select asciify(y) from bar
----
Ol'a Mundo!
Jo~ao
Parab'ens Ri!
M"uller

statement ok
drop table bar

query TT nosort
select name, asciify(name) from columns where name <> asciify(name)
----

query TT nosort
select name, asciify(name) from args where name <> asciify(name)
----

