statement ok
CREATE TABLE t0(c0 VARCHAR, c1 VARCHAR(500))

statement ok
CREATE VIEW v0(c0) AS SELECT true FROM t0

statement ok
INSERT INTO t0 (c0, c1) VALUES ('', 0)

statement ok
INSERT INTO t0 (c0) VALUES ('a')

statement ok
INSERT INTO t0 (c0) VALUES ('b')

query TTT
SELECT * FROM v0, t0
----
True
(empty)
0
True
a
NULL
True
b
NULL
True
(empty)
0
True
a
NULL
True
b
NULL
True
(empty)
0
True
a
NULL
True
b
NULL

query T
SELECT (t0.c0||true BETWEEN v0.c0 AND v0.c0) FROM v0, t0
----
True
False
False
True
False
False
True
False
False

query TTT
SELECT * FROM v0, t0 WHERE (t0.c0||true BETWEEN v0.c0 AND v0.c0); 
----
True
(empty)
0
True
(empty)
0
True
(empty)
0
