statement error 42000!syntax error, unexpected GREATEST, expecting FOREIGN or PRIMARY or UNIQUE in: "create table t7444a(greatest"
create table t7444a(greatest int)

statement error 42000!syntax error, unexpected FROM, expecting '(' in: "select greatest from"
select greatest from t7444a

statement ok
create table t7444b("greatest" int)

query I
select "greatest" from t7444b
----

-- check if GREATEST or greatest is a (reserved) keyword
query T
select keyword from sys.keywords where keyword ilike 'GREATEST'
----

statement ok
drop table if exists t7444a

statement ok
drop table if exists t7444b


-- also check it for: least
statement error 42000!syntax error, unexpected LEAST, expecting FOREIGN or PRIMARY or UNIQUE in: "create table t7444c(least"
create table t7444c(least int)

statement error 42000!syntax error, unexpected FROM, expecting '(' in: "select least from"
select least from t7444c

statement ok
create table t7444d("least" int)

query I
select "least" from t7444d
----

-- check if LEAST or least is a (reserved) keyword
query T
select keyword from sys.keywords where keyword ilike 'LEAST'
----

statement ok
drop table if exists t7444c

statement ok
drop table if exists t7444d
