statement ok
START TRANSACTION

statement error
create table example ( val1 integer, val2 varchar(10), val3 float )

statement error
create view example_view as select * from example

statement error
insert into example values( 1, 'test', 0.1 )

statement error
insert into example values( 5, 'xtest', 0.9 )

statement error
insert into example values( 9, 'testx', 9.1 )

statement error
insert into example values( 0, 'texst', 99999.1 )

statement error
insert into example values( 8, 'texxst', 0.0001 )

statement error
COMMIT

query ITR rowsort
select * from example order by val1, val2
----
15 values hashing to f34c301e90e99b940877b2196f9a011d

query ITR rowsort
select * from example_view order by val1, val2
----
15 values hashing to f34c301e90e99b940877b2196f9a011d

