query T
select contains(NULL, '')
----
NULL

query T
select contains('', NULL)
----
NULL

query T
select contains('', '')
----
True

query T
select contains('johndoe', '')
----
True

query T
select contains('', 'johndoe')
----
False

query T
select contains('johndoe', 'john')
----
True

query T
select contains('one two three', 'three', true)
----
True

query T
select contains('one two three', 'THREE', true)
----
True

query T
select contains('one two three', 'THREE', false)
----
False

query T
select contains('M端ller Thomas', 'm端ller', true)
----
True

query T
select contains('M端ller Thomas', 'm端ller', false)
----
False

statement ok
create table foo(x string)

statement ok
insert into foo values ('johnleft'),('janeright'),('robertright'),('timup'),('lexleft'),('joeleft')

query T
select contains(x, 'left') from foo
----
True
False
False
False
True
True

statement ok
drop table foo
