query T
select endsWith(NULL, '')
----
NULL

query T
select endsWith('', NULL)
----
NULL

query T
select endsWith('', '')
----
True

query T
select endsWith('johndoe', '')
----
True

query T
select endsWith('', 'johndoe')
----
False

query T
select endsWith('johndoe', 'doe')
----
True

query T
select endswith('one two three', 'three', true)
----
True

query T
select endswith('Thomas M端ller', 'm端ller', true)
----
True

query T
select endswith('Thomas M端ller', 'm端ller', false)
----
False

statement ok
create table foo(x string)

statement ok
insert into foo values ('johnleft'),('janeright'),('robertright'),('timup'),('lexleft'),('joeleft')

query T
select endswith(x, 'left') from foo
----
True
False
False
False
True
True

statement ok
drop table foo
