query T
select startswith(NULL, '')
----
NULL

query T
select startswith('', NULL)
----
NULL

query T
select startswith('', '')
----
True

query T
select startswith('johndoe', '')
----
True

query T
select startswith('', 'johndoe')
----
False

query T
select startswith('johndoe', 'john')
----
True

query T
select startswith('one two three', 'three', true)
----
False

query T
select startswith('Müller Thomas', 'müller', true)
----
True

query T
select startswith('Müller Thomas', 'müller', false)
----
False

statement ok
create table foo(x string)

statement ok
insert into foo values ('leftjohn'),('rightjane'),('rightrobert'),('uptim'),('leftlex'),('leftjoe')

query T
select startswith(x, 'left') from foo
----
True
False
False
False
True
True

statement ok
drop table foo

query T
select ['Camón Romasan'] startswith ['camu', true];
----
False
