query I nosort
select startswith(NULL, '')
----
NULL

query I nosort
select startswith('', NULL)
----
NULL

query I nosort
select startswith('', '')
----
1

query I nosort
select startswith('johndoe', '')
----
1

query I nosort
select startswith('', 'johndoe')
----
0

query I nosort
select startswith('johndoe', 'john')
----
1

query I nosort
select startswith('one two three', 'three', true)
----
0

query I nosort
select startswith('Müller Thomas', 'müller', true)
----
1

query I nosort
select startswith('Müller Thomas', 'müller', false)
----
0

statement ok
create table foo(x string)

statement ok
create table bar(x string)

statement ok
insert into foo values ('leftjohn'),('rightjane'),('rightrobert'),('uptim'),('leftlex'),('leftjoe')

statement ok
insert into bar values ('left'),('right'),('up'),('down')

query I nosort
select startswith(x, 'left') from foo
----
1
0
0
0
1
1

query TT rowsort
select * from foo,bar where [foo.x] startswith [bar.x, false]
----
leftjoe
left
leftjohn
left
leftlex
left
rightjane
right
rightrobert
right
uptim
up

statement ok
drop table foo

statement ok
drop table bar

query I nosort
select ['Camón Romasan'] startsWith ['camu', true]
----
0

