statement ok
create table foo(x string)

statement ok
create table bar(x string)

statement ok
insert into foo values ('leftjohn'),('rightjane'),('rightrobert'),('uptim'),('leftlex'),('leftjoe')

statement ok
insert into bar values ('left'),('right'),('up'),('down')

query TT rowsort
select * from foo,bar where [foo.x] startswith [bar.x, false]
----
leftjoe
left
leftjohn
left
leftlex
left
rightjane
right
rightrobert
right
uptim
up

statement ok
drop table foo

statement ok
drop table bar

statement ok
create table foo(x string)

statement ok
create table bar(x string)

statement ok
insert into foo values ('johnleft'),('janeright'),('robertright'),('timup'),('lexleft'),('joeleft')

statement ok
insert into bar values ('left'),('right'),('up'),('down')

query TT rowsort
select * from foo,bar where [foo.x] endswith [bar.x, false]
----
janeright
right
joeleft
left
johnleft
left
lexleft
left
robertright
right
timup
up

statement ok
drop table foo

statement ok
drop table bar

statement ok
create table foo(x string)

statement ok
create table bar(x string)

statement ok
insert into foo values ('johnleft'),('janeright'),('robertright'),('timup'),('lexleft'),('joeleft')

statement ok
insert into bar values ('left'),('right'),('up'),('down')

query TT rowsort
select * from foo,bar where [foo.x] contains [bar.x, false]
----
janeright
right
joeleft
left
johnleft
left
lexleft
left
robertright
right
timup
up

statement ok
drop table foo

statement ok
drop table bar

statement ok
create table baz(x string)

statement ok
create table bazbaz(x string)

statement ok
insert into baz values ('john doe'),('jane doe'),('robert doe')

statement ok
insert into bazbaz values ('john'),('jane'),('robert')

query TT
select * from baz,bazbaz where [baz.x] startswith [bazbaz.x, true];
----
john doe
john
jane doe
jane
robert doe
robert

statement ok
drop table baz

statement ok
drop table bazbaz

statement ok
create table baz(x string)

statement ok
create table bazbaz(x string)

statement ok
insert into baz values ('john doe'),('jane doe'),('robert doe')

statement ok
insert into bazbaz values ('doe'),('doe'),('doe')

query T
select baz.x from baz,bazbaz where [baz.x] endswith [bazbaz.x, true];
----
john doe
john doe
john doe
jane doe
jane doe
jane doe
robert doe
robert doe
robert doe

statement ok
drop table baz

statement ok
drop table bazbaz
