statement ok
create table foo(x string)

statement ok
create table bar(x string)

statement ok
insert into foo values ('leftjohn'),('rightjane'),('rightrobert'),('uptim'),('leftlex'),('leftjoe')

statement ok
insert into bar values ('left'),('right'),('up'),('down')

query TT rowsort
select * from foo,bar where [foo.x] startswith [bar.x, false]
----
leftjoe
left
leftjohn
left
leftlex
left
rightjane
right
rightrobert
right
uptim
up

statement ok
drop table foo

statement ok
drop table bar

statement ok
create table foo(x string)

statement ok
create table bar(x string)

statement ok
insert into foo values ('johnleft'),('janeright'),('robertright'),('timup'),('lexleft'),('joeleft')

statement ok
insert into bar values ('left'),('right'),('up'),('down')

query TT rowsort
select * from foo,bar where [foo.x] endswith [bar.x, false]
----
janeright
right
joeleft
left
johnleft
left
lexleft
left
robertright
right
timup
up

statement ok
drop table foo

statement ok
drop table bar

statement ok
create table foo(x string)

statement ok
create table bar(x string)

statement ok
insert into foo values ('johnleft'),('janeright'),('robertright'),('timup'),('lexleft'),('joeleft')

statement ok
insert into bar values ('left'),('right'),('up'),('down')

query TT rowsort
select * from foo,bar where [foo.x] contains [bar.x, false]
----
janeright
right
joeleft
left
johnleft
left
lexleft
left
robertright
right
timup
up

statement ok
drop table foo

statement ok
drop table bar
